{
	"format_version": "1.8.0",
	"animations": {
		"animation.model.new": {
			"loop": "hold_on_last_frame",
			"animation_length": 7,
			"bones": {
				"bipedRig": {
					"rotation": {
						"0.0": [0, 0, 0],
						"0.75": [0, -2.5, 0],
						"1.75": [0, -2.5, 0],
						"2.25": [0, 85, 0],
						"2.75": [0, 180, 0],
						"3.25": [0, 270, 0],
						"3.4167": [0, 360, 0],
						"3.5417": [0, 385, 0],
						"3.8333": [0, 385, 0],
						"4.5": [0, 385, 0],
						"4.75": [0, 385, 0],
						"5.25": [0, 0, 0],
						"6.25": [0, 0, 0],
						"7.0": [0, 0, 0]
					},
					"position": {
						"1.75": [0, 0, 0],
						"2.25": [0, 0, 0],
						"2.75": [0, 4, 0],
						"3.0": [0, 4, 0],
						"3.25": [0, 0, 0],
						"3.4167": [0, 0, 0],
						"3.5417": [-2, 0, -4],
						"3.8333": [-2, 0, -3],
						"4.5": [-2, 0, -4],
						"4.75": [-2, 0, -4],
						"5.25": [-0.72, 0, -1.44],
						"6.25": [0, 0, 0],
						"7.0": [0, 0, 0]
					}
				},
				"bipedHead": {
					"rotation": {
						"0.0": [0, 0, 0],
						"1.5": [12.5, 0, 0],
						"1.75": [12.5, 0, 0],
						"3.25": [12.5, 0, 0],
						"3.4167": [35, 0, 0],
						"3.5417": [35, 0, 0],
						"3.8333": [72.42906, -31.77203, -25.70094],
						"4.5": [35, 0, 0],
						"4.75": [35, 0, 0],
						"5.25": [11.67, 0, 0],
						"6.25": ["10 + Math.cos(query.anim_time * 100 -50) * -5", -22.5, 0],
						"7.0": ["10 + Math.cos(query.anim_time * 100 -50) * -5", -22.5, 0]
					},
					"position": {
						"0.0": [0, 0, 0],
						"1.5": [0, -1, -1],
						"1.75": [0, -1, -1],
						"2.25": [0, 9, -1],
						"3.25": [0, 9, -1],
						"3.4167": [0, 0, -4],
						"3.5417": [0, 0, -4],
						"3.8333": [0, 0, -4],
						"4.5": [0, 0, -4],
						"4.75": [0, 0, -4],
						"5.25": [0, 0, -1.33],
						"6.25": [1, -1, -1],
						"7.0": [1, -1, -1]
					}
				},
				"bipedBody": {
					"rotation": {
						"0.0": [0, 0, 0],
						"1.5": [5, 0, 0],
						"1.75": [5, 0, 0],
						"3.25": [5, 0, 0],
						"3.4167": [15, 0, 0],
						"3.5417": [15, 0, 0],
						"3.8333": [95, 0, 0],
						"4.5": [15, 0, 0],
						"4.75": [15, 0, 0],
						"5.25": [5, 0, 0],
						"6.25": [7.5, 0, 0],
						"7.0": [7.5, 0, 0]
					},
					"position": {
						"0.0": [0, 0, 0],
						"1.5": [0, -1, -1],
						"1.75": [0, -1, -1],
						"2.25": [0, 9, -1],
						"3.25": [0, 9, -1],
						"3.4167": [0, 0, -3],
						"3.5417": [0, 0, -3],
						"3.8333": [0, 0, -3],
						"4.5": [0, 0, -3],
						"4.75": [0, 0, -3],
						"5.25": [0, 0, -1],
						"6.25": [0, "-1 + Math.cos(query.anim_time * 100) * 0.1 -0.1", -1],
						"7.0": [0, "-1 + Math.cos(query.anim_time * 100) * 0.1 -0.1", -1]
					}
				},
				"bipedRightArm": {
					"rotation": {
						"0.0": [0, 0, 0],
						"0.5": [-82.03891, 21.00648, 14.8689],
						"1.0": [-82.03891, 21.00648, 14.8689],
						"1.5": [-64.53891, 21.00648, 14.8689],
						"1.75": [-64.53891, 21.00648, 14.8689],
						"3.25": [-103.48767, -24.06757, -0.92621],
						"3.4167": [-69.0149, -6.72523, -62.98546],
						"3.5417": [-43.48277, 25.45568, -40.69796],
						"3.8333": [-61.17352, 37.79035, -34.67116],
						"4.75": [-38.67, 37.79, -34.67],
						"5.25": [-12.89, 12.6, -11.56],
						"6.25": ["-100.4900784218 + Math.cos(query.anim_time * 100 -50) * -1", 11.53486, -4.8493],
						"7.0": ["-100.4900784218 + Math.cos(query.anim_time * 100 -50) * -1", 11.53486, -4.8493]
					},
					"position": {
						"0.0": [0, 0, 0],
						"1.5": [0, -1, 0],
						"1.75": [0, -1, 0],
						"2.25": [0, 9, 0],
						"3.25": [0, 9, 0],
						"3.4167": [0, 0, -3],
						"3.5417": [-1, 0, -3.5],
						"3.8333": [2, 0, -4],
						"4.5": [0, 0, -4],
						"4.75": [0, 0, -4],
						"5.25": [0, 0, -1.33],
						"6.25": [0, -4, 0],
						"7.0": [0, -4, 0]
					}
				},
				"bipedLeftArm": {
					"rotation": {
						"0.0": [0, 0, 0],
						"0.5": [-79.44026, -41.22188, 25.82922],
						"1.0": [-79.44026, -41.22188, 25.82922],
						"1.5": [-71.94026, -41.22188, 25.82922],
						"1.75": [-71.94026, -41.22188, 25.82922],
						"3.25": [-71.94, -41.22, 25.83],
						"3.4167": [58.06385, -64.80545, -84.35593],
						"3.5417": [58.06, -64.81, -84.36],
						"3.8333": [35.6571, -65.15729, -59.15823],
						"4.5": [58.06, -64.81, -84.36],
						"4.75": [58.06, -64.81, -84.36],
						"5.25": [19.35, -21.6, -28.12],
						"6.25": ["-5 + Math.cos(query.anim_time * 40 +25) * 5", 10, 0],
						"7.0": ["-5 + Math.cos(query.anim_time * 40 +25) * 5", 10, 0]
					},
					"position": {
						"0.0": [0, 0, 0],
						"1.5": [0, -1, 0],
						"1.75": [0, -1, 0],
						"2.25": [0, 9, 0],
						"3.25": [0, 9, 0],
						"3.4167": [0, 0, 0],
						"3.5417": [0, 0, 0],
						"3.8333": [0, 1, 0],
						"4.5": [0, 0, 0],
						"4.75": [0, 0, 0],
						"5.25": [0, 0, 0],
						"6.25": [0.5, -1, -1],
						"7.0": [0.5, -1, -1]
					}
				},
				"bipedLeftLeg": {
					"rotation": {
						"0.0": [0, 0, 0],
						"1.5": [0, 0, -5],
						"1.75": [0, 0, -5],
						"3.25": [0, 0, -5],
						"3.4167": [29.39942, -19.84302, -15.82777],
						"3.5417": [29.4, -19.84, -15.83],
						"3.8333": [106.78811, -2.35194, -15.25622],
						"4.5": [29.4, -19.84, -15.83],
						"4.75": [29.4, -19.84, -15.83],
						"5.25": [9.8, -6.61, -5.28],
						"6.25": [2.5, -12.5, -12.5],
						"7.0": [2.5, -12.5, -12.5]
					},
					"position": {
						"0.0": [0, 0, 0],
						"1.5": [0, -1, 0],
						"1.75": [0, -1, 0],
						"2.25": [0, 9, 0],
						"3.25": [0, 9, 0],
						"3.4167": [0, 0, 0],
						"3.5417": [0, 0, 0],
						"3.8333": [1, 13, 9],
						"4.5": [0, 0, 0],
						"4.75": [0, 0, 0],
						"5.25": [0, 0, 0],
						"6.25": [1, "Math.cos(query.anim_time * 100) * 0.2 -0.2", 0],
						"7.0": [1, "Math.cos(query.anim_time * 100) * 0.2 -0.2", 0]
					}
				},
				"bipedRightLeg": {
					"rotation": {
						"0.0": [0, 0, 0],
						"1.5": [0, 0, 5],
						"1.75": [0, 0, 5],
						"3.25": [0, 0, 5],
						"3.4167": [1.95076, 1.72962, 11.87807],
						"3.5417": [1.95, 1.73, 11.88],
						"3.8333": [29.56927, -12.22471, 119.13554],
						"4.5": [1.95, 1.73, 11.88],
						"4.75": [1.95, 1.73, 11.88],
						"5.25": [0.65, 0.58, 3.96],
						"6.25": [2.5, 12.5, 12.5],
						"7.0": [2.5, 12.5, 12.5]
					},
					"position": {
						"0.0": [0, 0, 0],
						"1.5": [0, -1, 0],
						"1.75": [0, -1, 0],
						"2.25": [0, 9, 0],
						"3.25": [0, 9, 0],
						"3.4167": [0, 0, 0],
						"3.5417": [0, 0, 0],
						"3.8333": [0, 13, 10],
						"4.5": [0, 0, 0],
						"4.75": [0, 0, 0],
						"5.25": [0, 0, 0],
						"6.25": [-1, "Math.cos(query.anim_time * 100) * 0.05 -0.05", 0],
						"7.0": [-1, "Math.cos(query.anim_time * 100) * 0.05 -0.05", 0]
					}
				},
				"Hammer": {
					"rotation": {
						"1.75": [0, 0, 0],
						"2.25": [28.39011, -76.70008, -14.0937]
					},
					"position": {
						"0.0": [0, 0, 0],
						"1.5": [0, -1, 0],
						"1.75": [0, -1, 0],
						"2.25": [10, 4, 25]
					}
				},
				"Ham": {
					"rotation": {
						"0.0": [0, 0, 0],
						"0.5": [-85.54902, -0.99545, -77.49984],
						"1.0": [-85.54902, -0.99545, -77.49984],
						"1.5": [-85.47939, -0.60415, -82.485],
						"1.75": [-85.47939, -0.60415, -82.485],
						"2.25": [-35.47939, -0.60415, -82.485],
						"2.75": [62.46472, -37.55953, -105.26434],
						"3.25": [119.04581, -52.49034, -143.9994],
						"3.2917": [156.35053, -2.06269, -203.54499],
						"3.3333": [115.37318, 14.41177, -241.24753],
						"3.375": [106.03678, 33.74578, -246.45587],
						"3.4167": [103.97521, 27.83311, -252.7131],
						"3.4583": [98.43957, 22.99765, -259.08808],
						"3.5": [92.87707, 20.56044, -270.47691],
						"4.5": [92.87707, 20.56044, -270.47691],
						"4.75": [92.87707, 20.56044, -270.47691],
						"5.25": [124.92, 19.26, -207.73],
						"5.4167": [140.94, 18.61, -176.35],
						"5.75": [140.94, 18.61, -176.35],
						"6.25": ["75.3994801685 + Math.cos(query.anim_time * 100 -50) * -1", "-17.7255592004 + Math.cos(query.anim_time * 100 -50) * -1", -99.60556],